"","date","positive","negative","neutral"
"1","2021-01-01",4,13,27
"2","2021-01-02",0,7,3
"3","2021-01-03",0,17,21
"4","2021-01-04",5,7,11
"5","2021-01-05",2,1,8
"6","2021-01-06",1,25,12
"7","2021-01-07",0,3,4
"8","2021-01-08",1,2,2
"9","2021-01-09",0,7,3
"10","2021-01-10",0,1,0
"11","2021-01-11",0,0,1
"12","2021-01-12",0,1,1
"13","2021-01-13",0,1,4
"14","2021-01-14",2,1,1
"15","2021-01-15",0,0,4
"16","2021-01-17",0,3,3
"17","2021-01-18",1,0,9
"18","2021-01-19",2,0,6
"19","2021-01-20",2,3,1
"20","2021-01-21",1,2,7
"21","2021-01-22",0,0,3
"22","2021-01-23",0,3,3
"23","2021-01-24",1,2,2
"24","2021-01-25",0,1,4
"25","2021-01-26",1,3,3
"26","2021-01-27",2,3,23
"27","2021-01-28",0,34,21
"28","2021-01-29",2,29,32
"29","2021-01-30",11,44,77
"30","2021-01-31",4,23,28
"31","2021-02-01",3,20,9
"32","2021-02-02",0,8,26
"33","2021-02-03",9,10,28
"34","2021-02-04",18,24,108
"35","2021-02-05",27,92,305
"36","2021-02-06",10,37,113
"37","2021-02-07",0,7,40
"38","2021-02-08",23,179,498
"39","2021-02-09",24,133,348
"40","2021-02-10",94,88,278
"41","2021-02-11",36,37,177
"42","2021-02-12",5,18,41
"43","2021-02-13",2,7,19
"44","2021-02-14",1,7,43
"45","2021-02-15",0,5,19
"46","2021-02-16",33,7,98
"47","2021-02-17",9,49,115
"48","2021-02-18",7,34,116
"49","2021-02-19",21,40,120
"50","2021-02-20",101,385,911
"51","2021-02-21",223,1145,2140
"52","2021-02-22",123,601,1105
"53","2021-02-23",201,632,1437
"54","2021-02-24",98,302,675
"55","2021-02-25",71,313,524
"56","2021-02-26",59,402,480
"57","2021-02-27",53,97,256
"58","2021-02-28",6,40,175
"59","2021-03-01",16,47,61
"60","2021-03-02",46,52,267
"61","2021-03-03",197,822,1809
"62","2021-03-04",137,674,1374
"63","2021-03-05",103,475,731
"64","2021-03-06",39,263,443
"65","2021-03-07",27,110,170
"66","2021-03-08",11,103,188
"67","2021-03-09",19,86,173
"68","2021-03-10",34,152,423
"69","2021-03-11",26,99,265
"70","2021-03-12",538,2482,4515
"71","2021-03-13",228,1207,2016
"72","2021-03-14",162,949,1498
"73","2021-03-15",245,1394,2402
"74","2021-03-16",314,1733,3009
"75","2021-03-17",145,701,1417
"76","2021-03-18",98,462,1020
"77","2021-03-19",250,684,1741
"78","2021-03-20",121,428,1009
"79","2021-03-21",108,485,1049
"80","2021-03-22",943,2733,4421
"81","2021-03-23",549,1370,2307
"82","2021-03-24",244,894,1556
"83","2021-03-25",207,1311,1853
"84","2021-03-26",123,664,1040
"85","2021-03-27",74,460,534
"86","2021-03-28",19,276,380
"87","2021-03-29",54,386,659
"88","2021-03-30",64,338,645
"89","2021-03-31",87,363,855
"90","2021-04-01",52,194,370
"91","2021-04-02",19,120,222
"92","2021-04-03",22,123,308
"93","2021-04-04",17,113,309
"94","2021-04-05",13,127,143
"95","2021-04-06",45,201,472
"96","2021-04-07",95,435,1060
"97","2021-04-08",107,937,1856
"98","2021-04-09",106,604,1069
"99","2021-04-10",57,421,715
"100","2021-04-11",77,304,702
"101","2021-04-12",285,274,1101
"102","2021-04-13",185,555,968
"103","2021-04-14",92,456,1166
"104","2021-04-15",125,648,1188
"105","2021-04-16",112,564,1129
"106","2021-04-17",85,361,627
"107","2021-04-18",144,775,1091
"108","2021-04-19",236,790,1475
"109","2021-04-20",108,416,700
"110","2021-04-21",187,307,964
"111","2021-04-22",63,248,585
"112","2021-04-23",33,218,366
"113","2021-04-24",54,191,294
"114","2021-04-25",54,186,393
"115","2021-04-26",44,224,282
"116","2021-04-27",40,183,276
"117","2021-04-28",46,205,342
"118","2021-04-29",30,176,270
"119","2021-04-30",20,73,109
"120","2021-05-01",9,92,109
"121","2021-05-02",53,200,262
"122","2021-05-03",47,275,396
"123","2021-05-04",60,445,822
"124","2021-05-05",85,247,626
"125","2021-05-06",140,251,818
"126","2021-05-07",92,259,454
"127","2021-05-08",74,185,622
"128","2021-05-09",30,116,326
"129","2021-05-10",79,246,554
"130","2021-05-11",111,504,767
"131","2021-05-12",123,476,878
"132","2021-05-13",196,565,1104
"133","2021-05-14",172,577,1002
"134","2021-05-15",262,771,1335
"135","2021-05-16",135,534,920
"136","2021-05-17",81,447,755
"137","2021-05-18",115,620,976
"138","2021-05-19",267,1414,2004
"139","2021-05-20",162,950,1308
"140","2021-05-21",213,1374,1676
"141","2021-05-22",124,1028,955
"142","2021-05-23",119,583,601
"143","2021-05-24",105,601,729
"144","2021-05-25",121,861,1145
"145","2021-05-26",212,2016,2376
"146","2021-05-27",483,2811,3903
"147","2021-05-28",719,4036,6444
"148","2021-05-29",391,2478,3354
"149","2021-05-30",484,2682,3013
"150","2021-05-31",316,2187,2838
"151","2021-06-01",302,1934,2365
"152","2021-06-02",459,2822,4513
"153","2021-06-03",896,4813,8526
"154","2021-06-04",1396,7023,11104
"155","2021-06-05",914,4569,6319
"156","2021-06-06",597,2578,3371
"157","2021-06-07",384,2225,3569
"158","2021-06-08",496,2608,4056
"159","2021-06-09",422,2278,4046
"160","2021-06-10",752,3525,5449
"161","2021-06-11",1010,4879,6536
"162","2021-06-12",1060,6283,8740
"163","2021-06-13",680,3333,5534
"164","2021-06-14",645,4417,5120
"165","2021-06-15",1383,3099,5673
"166","2021-06-16",1383,7393,10082
"167","2021-06-17",1475,9387,12678
"168","2021-06-18",1334,8926,11390
"169","2021-06-19",1163,6042,7721
"170","2021-06-20",1309,6922,9321
"171","2021-06-21",1005,4045,6330
"172","2021-06-22",1604,5548,8516
"173","2021-06-23",721,3475,5575
"174","2021-06-24",753,3346,5335
"175","2021-06-25",1055,3554,5416
"176","2021-06-26",337,2560,3410
"177","2021-06-27",342,2066,2781
"178","2021-06-28",370,1202,2274
"179","2021-06-29",390,1700,3065
"180","2021-06-30",421,1800,2704
"181","2021-07-01",392,1883,2576
"182","2021-07-02",301,1274,1841
"183","2021-07-03",307,1480,2298
"184","2021-07-04",293,1101,1562
"185","2021-07-05",491,1741,2991
"186","2021-07-06",837,2710,4726
"187","2021-07-07",472,2503,3784
"188","2021-07-08",618,2128,3759
"189","2021-07-09",476,2687,4018
"190","2021-07-10",368,2070,2819
"191","2021-07-11",488,2322,4292
"192","2021-07-12",961,3140,6166
"193","2021-07-13",2734,8572,14690
"194","2021-07-14",1457,5464,9360
"195","2021-07-15",2147,7896,14070
"196","2021-07-16",2029,7101,12807
"197","2021-07-17",2085,7610,12559
"198","2021-07-18",1720,7561,11297
"199","2021-07-19",2157,6344,11455
"200","2021-07-20",1312,3730,7117
"201","2021-07-21",1463,3682,7974
"202","2021-07-22",971,2735,5792
"203","2021-07-23",1017,2640,5261
"204","2021-07-24",525,1682,3458
"205","2021-07-25",758,3003,5571
"206","2021-07-26",1122,4084,9094
"207","2021-07-27",1622,4438,10804
"208","2021-07-28",1110,3610,7513
"209","2021-07-29",839,3072,6063
"210","2021-07-30",695,3585,5206
"211","2021-07-31",824,2400,3800
"212","2021-08-01",335,1288,2419
"213","2021-08-02",540,1428,3286
"214","2021-08-03",540,2079,4063
"215","2021-08-04",527,1817,3365
"216","2021-08-05",457,1665,2928
"217","2021-08-06",777,2510,5050
"218","2021-08-07",648,3364,5816
"219","2021-08-08",754,2733,4751
"220","2021-08-09",447,2367,4290
"221","2021-08-10",307,1698,2679
"222","2021-08-11",440,2151,3449
"223","2021-08-12",843,3420,6208
"224","2021-08-13",579,2079,3686
"225","2021-08-14",324,1046,1964
"226","2021-08-15",206,963,1420
"227","2021-08-16",414,1673,2878
"228","2021-08-17",397,1719,3133
"229","2021-08-18",340,1335,2917
"230","2021-08-19",304,1172,2246
"231","2021-08-20",260,1288,2231
"232","2021-08-21",256,1103,1789
"233","2021-08-22",327,1158,2505
"234","2021-08-23",567,1355,2552
"235","2021-08-24",526,2354,3602
"236","2021-08-25",484,2735,4246
"237","2021-08-26",517,3406,5379
"238","2021-08-27",504,2594,4988
"239","2021-08-28",687,3503,8424
"240","2021-08-29",1197,4636,9975
"241","2021-08-30",720,2610,4889
"242","2021-08-31",908,4007,8167
"243","2021-09-01",744,3701,6391
"244","2021-09-02",454,2141,3960
"245","2021-09-03",739,2685,6432
"246","2021-09-04",725,2850,5131
"247","2021-09-05",1054,4259,8328
"248","2021-09-06",710,2584,6292
"249","2021-09-07",510,1431,3598
"250","2021-09-08",553,1564,3962
"251","2021-09-09",948,3472,8485
"252","2021-09-10",1458,5682,12695
"253","2021-09-11",931,3736,8022
"254","2021-09-12",2748,2794,5230
"255","2021-09-13",633,2197,4639
"256","2021-09-14",1105,2962,6202
"257","2021-09-15",939,3060,5463
"258","2021-09-16",876,2978,6296
"259","2021-09-17",524,1833,3753
"260","2021-09-18",328,1195,2327
"261","2021-09-19",199,946,1675
"262","2021-09-20",270,871,1913
"263","2021-09-21",136,475,985
"264","2021-09-22",218,908,1859
"265","2021-09-23",303,984,2190
"266","2021-09-24",317,973,1982
"267","2021-09-25",248,749,1890
"268","2021-09-26",336,937,3106
"269","2021-09-27",511,1761,5063
"270","2021-09-28",394,2091,6139
"271","2021-09-29",250,1138,2925
"272","2021-09-30",289,852,2470
"273","2021-10-01",203,573,1806
"274","2021-10-02",119,509,1270
"275","2021-10-03",82,428,872
"276","2021-10-04",434,2767,5600
"277","2021-10-05",239,1689,2795
"278","2021-10-06",213,952,2396
"279","2021-10-07",118,582,1103
"280","2021-10-08",188,649,1668
"281","2021-10-09",182,490,1285
"282","2021-10-10",100,373,734
"283","2021-10-11",191,477,1593
"284","2021-10-12",311,916,2694
"285","2021-10-13",294,1075,3101
"286","2021-10-14",280,929,1955
"287","2021-10-15",336,1199,2879
"288","2021-10-16",188,714,1377
"289","2021-10-17",145,508,1255
"290","2021-10-18",148,617,2161
"291","2021-10-19",258,1410,3522
"292","2021-10-20",177,738,2166
"293","2021-10-21",652,2705,6617
"294","2021-10-22",530,2171,4751
"295","2021-10-23",526,2594,4302
"296","2021-10-24",200,702,1455
"297","2021-10-25",278,951,2603
"298","2021-10-26",359,1596,3737
"299","2021-10-27",397,964,2915
"300","2021-10-28",637,772,3071
"301","2021-10-29",147,594,1901
"302","2021-10-30",134,685,1569
"303","2021-10-31",68,276,649
"304","2021-11-01",151,423,1194
"305","2021-11-02",310,1117,3369
"306","2021-11-03",496,1624,4453
"307","2021-11-04",282,1232,3372
"308","2021-11-05",167,495,1874
"309","2021-11-06",303,1081,3228
"310","2021-11-07",299,1131,2907
"311","2021-11-08",313,1582,3491
"312","2021-11-09",252,1002,2622
